<Invoice xmlns="urn:oasis:names:specification:ubl:schema:xsd:Invoice-2" xmlns:cbc="urn:oasis:names:specification:ubl:schema:xsd:CommonBasicComponents-2" xmlns:cac="urn:oasis:names:specification:ubl:schema:xsd:CommonAggregateComponents-2" xmlns:ns4="urn:oasis:names:specification:ubl:schema:xsd:CommonExtensionComponents-2" xmlns:xsi="http://www.w3.org/2001/XMLSchema-instance" xsi:schemaLocation="urn:oasis:names:specification:ubl:schema:xsd:Invoice-2 http://docs.oasis-open.org/ubl/os-UBL-2.1/xsd/maindoc/UBL-Invoice-2.1.xsd">
  <cbc:CustomizationID>urn:cen.eu:en16931:2017#compliant#urn:efactura.mfinante.ro:CIUS-RO:1.0.1</cbc:CustomizationID>
  <cbc:ID>9536477</cbc:ID>
  <cbc:IssueDate>2024-06-30</cbc:IssueDate>
  <cbc:DueDate>2024-07-14</cbc:DueDate>
  <cbc:InvoiceTypeCode>380</cbc:InvoiceTypeCode>
  <cbc:DocumentCurrencyCode>RON</cbc:DocumentCurrencyCode>
  <cac:AccountingSupplierParty>
    <cac:Party>
      <cac:PostalAddress>
        <cbc:StreetName>Str. Fabrica de Glucoza nr.11C</cbc:StreetName>
        <cbc:CityName>SECTOR2</cbc:CityName>
        <cbc:PostalZone>020331</cbc:PostalZone>
        <cbc:CountrySubentity>RO-B</cbc:CountrySubentity>
        <cac:Country>
          <cbc:IdentificationCode>RO</cbc:IdentificationCode>
        </cac:Country>
      </cac:PostalAddress>
      <cac:PartyTaxScheme>
        <cbc:CompanyID>RO13838336</cbc:CompanyID>
        <cac:TaxScheme>
          <cbc:ID>VAT</cbc:ID>
        </cac:TaxScheme>
      </cac:PartyTaxScheme>
      <cac:PartyLegalEntity>
        <cbc:RegistrationName>SC FAN COURIER EXPRESS SRL </cbc:RegistrationName>
        <cbc:CompanyLegalForm>J40/4014/2001</cbc:CompanyLegalForm>
      </cac:PartyLegalEntity>
    </cac:Party>
  </cac:AccountingSupplierParty>
  <cac:AccountingCustomerParty>
    <cac:Party>
      <cac:PostalAddress>
        <cbc:StreetName>MUNICIPIUL BUCURESTI, SECTOR 2, SOS. FABRICA DE GLUCOZA, NR.17</cbc:StreetName>
        <cbc:CityName>SECTOR2</cbc:CityName>
        <cbc:CountrySubentity>RO-B</cbc:CountrySubentity>
        <cac:Country>
          <cbc:IdentificationCode>RO</cbc:IdentificationCode>
        </cac:Country>
      </cac:PostalAddress>
      <cac:PartyTaxScheme>
        <cbc:CompanyID>RO4879159</cbc:CompanyID>
        <cac:TaxScheme>
          <cbc:ID>VAT</cbc:ID>
        </cac:TaxScheme>
      </cac:PartyTaxScheme>
      <cac:PartyLegalEntity>
        <cbc:RegistrationName>INTRAROM SA</cbc:RegistrationName>
        <cbc:CompanyID>J40/25071/1993</cbc:CompanyID>
      </cac:PartyLegalEntity>
    </cac:Party>
  </cac:AccountingCustomerParty>
  <!--<cac:Delivery>
    <cac:DeliveryLocation>
      <cac:Address>
        <cbc:StreetName>MUNICIPIUL BUCURESTI, SECTOR 2, SOS. FABRICA DE GLUCOZA, NR.17</cbc:StreetName>
        <cbc:CityName>SECTOR2</cbc:CityName>
        <cbc:CountrySubentity>RO-B</cbc:CountrySubentity>
        <cac:Country>
          <cbc:IdentificationCode>RO</cbc:IdentificationCode>
        </cac:Country>
      </cac:Address>
    </cac:DeliveryLocation>
  </cac:Delivery>-->
  <cac:PaymentMeans>
    <cbc:PaymentMeansCode>42</cbc:PaymentMeansCode>
    <cac:PayeeFinancialAccount>
      <cbc:ID>RO50RZBR0000060005285217</cbc:ID>
    </cac:PayeeFinancialAccount>
  </cac:PaymentMeans>
  <cac:TaxTotal>
    <cbc:TaxAmount currencyID="RON">3.93</cbc:TaxAmount>
    <cac:TaxSubtotal>
      <cbc:TaxableAmount currencyID="RON">20.66</cbc:TaxableAmount>
      <cbc:TaxAmount currencyID="RON">3.93</cbc:TaxAmount>
      <cac:TaxCategory>
        <cbc:ID>S</cbc:ID>
        <cbc:Percent>19</cbc:Percent>
        <!--<cbc:TaxExemptionReason>PENALITATI INTARZIERE PLATA</cbc:TaxExemptionReason>-->
        <cac:TaxScheme>
          <cbc:ID>VAT</cbc:ID>
        </cac:TaxScheme>
      </cac:TaxCategory>
    </cac:TaxSubtotal>
  </cac:TaxTotal>
  <cac:LegalMonetaryTotal>
    <cbc:LineExtensionAmount currencyID="RON">20.66</cbc:LineExtensionAmount>
    <cbc:TaxExclusiveAmount currencyID="RON">20.66</cbc:TaxExclusiveAmount>
    <cbc:TaxInclusiveAmount currencyID="RON">24.59</cbc:TaxInclusiveAmount>
    <cbc:PayableAmount currencyID="RON">24.59</cbc:PayableAmount>
  </cac:LegalMonetaryTotal>
  <cac:InvoiceLine>
    <cbc:ID>1</cbc:ID>
    <cbc:InvoicedQuantity unitCode="H87">1.00</cbc:InvoicedQuantity>
    <cbc:LineExtensionAmount currencyID="RON">20.66</cbc:LineExtensionAmount>
    <cac:Item>
      <cbc:Name>SERVICII CURIERAT</cbc:Name>
      <cac:ClassifiedTaxCategory>
        <cbc:ID>S</cbc:ID>
        <cbc:Percent>19</cbc:Percent>
        <cac:TaxScheme>
          <cbc:ID>VAT</cbc:ID>
        </cac:TaxScheme>
      </cac:ClassifiedTaxCategory>
    </cac:Item>
    <cac:Price>
      <cbc:PriceAmount currencyID="RON">20.66</cbc:PriceAmount>
    </cac:Price>
  </cac:InvoiceLine>
</Invoice>