<Invoice xmlns="urn:oasis:names:specification:ubl:schema:xsd:Invoice-2" xmlns:cac="urn:oasis:names:specification:ubl:schema:xsd:CommonAggregateComponents-2" xmlns:cbc="urn:oasis:names:specification:ubl:schema:xsd:CommonBasicComponents-2" xmlns:qdt="urn:oasis:names:specification:ubl:schema:xsd:QualifiedDataTypes-2" xmlns:udt="urn:oasis:names:specification:ubl:schema:xsd:UnqualifiedDataTypes-2" xmlns:ccts="urn:un:unece:uncefact:documentation:2" xmlns:xsi="http://www.w3.org/2001/XMLSchema-instance" xsi:schemaLocation="urn:oasis:names:specification:ubl:schema:xsd:Invoice-2 http://docs.oasis-open.org/ubl/os-UBL-2.1/xsd/maindoc/UBL-Invoice-2.1.xsd"><cbc:CustomizationID>urn:cen.eu:en16931:2017#compliant#urn:efactura.mfinante.ro:CIUS-RO:1.0.1</cbc:CustomizationID><cbc:ID>BAT20240849</cbc:ID><cbc:IssueDate>2024-06-30</cbc:IssueDate><cbc:DueDate>2024-08-15</cbc:DueDate><cbc:InvoiceTypeCode>380</cbc:InvoiceTypeCode><cbc:Note>conform raportarii dvs</cbc:Note><cbc:DocumentCurrencyCode>RON</cbc:DocumentCurrencyCode><cac:ContractDocumentReference><cbc:ID>117E</cbc:ID></cac:ContractDocumentReference><cac:AccountingSupplierParty><cac:Party><cac:PartyIdentification><cbc:ID schemeID="0209">27929841</cbc:ID></cac:PartyIdentification><cac:PostalAddress><cbc:StreetName>SPL. UNIRII</cbc:StreetName><cbc:CityName>SECTOR4</cbc:CityName><cbc:PostalZone>4</cbc:PostalZone><cbc:CountrySubentity>RO-B</cbc:CountrySubentity><cac:Country><cbc:IdentificationCode>RO</cbc:IdentificationCode></cac:Country></cac:PostalAddress><cac:PartyTaxScheme><cbc:CompanyID>RO27929841</cbc:CompanyID><cac:TaxScheme><cbc:ID>VAT</cbc:ID></cac:TaxScheme></cac:PartyTaxScheme><cac:PartyTaxScheme><cbc:CompanyID>RO27929841</cbc:CompanyID><cac:TaxScheme/></cac:PartyTaxScheme><cac:PartyLegalEntity><cbc:RegistrationName>ECOTIC BAT SRL</cbc:RegistrationName><cbc:CompanyID>27929841</cbc:CompanyID></cac:PartyLegalEntity></cac:Party></cac:AccountingSupplierParty><cac:AccountingCustomerParty><cac:Party><cac:PartyIdentification><cbc:ID schemeID="0209">4879159</cbc:ID></cac:PartyIdentification><cac:PostalAddress><cbc:StreetName>MUNICIPIUL BUCURESTI, SECTOR 2, SOS. FABRICA DE GLUCOZA, NR.17</cbc:StreetName><cbc:CityName>SECTOR2</cbc:CityName><cbc:PostalZone>2</cbc:PostalZone><cbc:CountrySubentity>RO-B</cbc:CountrySubentity><cac:Country><cbc:IdentificationCode>RO</cbc:IdentificationCode></cac:Country></cac:PostalAddress><cac:PartyTaxScheme><cbc:CompanyID>RO4879159</cbc:CompanyID><cac:TaxScheme><cbc:ID>VAT</cbc:ID></cac:TaxScheme></cac:PartyTaxScheme><cac:PartyLegalEntity><cbc:RegistrationName>INTRAROM SA</cbc:RegistrationName><cbc:CompanyID>4879159</cbc:CompanyID></cac:PartyLegalEntity></cac:Party></cac:AccountingCustomerParty><cac:PaymentMeans        ><cbc:PaymentMeansCode>1</cbc:PaymentMeansCode><cac:PayeeFinancialAccount><cbc:ID>RO93BTRLRONCRT0P66308901</cbc:ID><cbc:Name>BANCA TRANSILVANIA</cbc:Name></cac:PayeeFinancialAccount></cac:PaymentMeans><cac:TaxTotal><cbc:TaxAmount currencyID="RON">57.00</cbc:TaxAmount><cac:TaxSubtotal><cbc:TaxableAmount currencyID="RON">300.00</cbc:TaxableAmount><cbc:TaxAmount currencyID="RON">57.00</cbc:TaxAmount><cac:TaxCategory><cbc:ID>S</cbc:ID><cbc:Percent>19</cbc:Percent><cac:TaxScheme><cbc:ID>VAT</cbc:ID></cac:TaxScheme></cac:TaxCategory></cac:TaxSubtotal></cac:TaxTotal><cac:LegalMonetaryTotal><cbc:LineExtensionAmount currencyID="RON">300.00</cbc:LineExtensionAmount><cbc:TaxExclusiveAmount currencyID="RON">300.00</cbc:TaxExclusiveAmount><cbc:TaxInclusiveAmount currencyID="RON">357.00</cbc:TaxInclusiveAmount><cbc:ChargeTotalAmount currencyID="RON">0.00</cbc:ChargeTotalAmount><cbc:PayableAmount currencyID="RON">357.00</cbc:PayableAmount></cac:LegalMonetaryTotal><cac:InvoiceLine><cbc:ID>1</cbc:ID><cbc:InvoicedQuantity unitCode="H87">1.00</cbc:InvoicedQuantity><cbc:LineExtensionAmount currencyID="RON">299.18</cbc:LineExtensionAmount><cac:Item><cbc:Description>Contributie financiara conform art 6.1 din contract</cbc:Description><cbc:Name>Contributie financiara conform art 6.1 din contract</cbc:Name><cac:SellersItemIdentification><cbc:ID>CF1610</cbc:ID></cac:SellersItemIdentification><cac:ClassifiedTaxCategory><cbc:ID>S</cbc:ID><cbc:Percent>19</cbc:Percent><cac:TaxScheme><cbc:ID>VAT</cbc:ID></cac:TaxScheme></cac:ClassifiedTaxCategory></cac:Item><cac:Price><cbc:PriceAmount currencyID="RON">299.18000000</cbc:PriceAmount></cac:Price></cac:InvoiceLine><cac:InvoiceLine><cbc:ID>2</cbc:ID><cbc:InvoicedQuantity unitCode="H87">82.00</cbc:InvoicedQuantity><cbc:LineExtensionAmount currencyID="RON">0.82</cbc:LineExtensionAmount><cac:Item><cbc:Description>Tip Pastila</cbc:Description><cbc:Name>Tarif B/A - tip pastila</cbc:Name><cac:SellersItemIdentification><cbc:ID>2022_01_BA01</cbc:ID></cac:SellersItemIdentification><cac:ClassifiedTaxCategory><cbc:ID>S</cbc:ID><cbc:Percent>19</cbc:Percent><cac:TaxScheme><cbc:ID>VAT</cbc:ID></cac:TaxScheme></cac:ClassifiedTaxCategory></cac:Item><cac:Price><cbc:PriceAmount currencyID="RON">0.01000000</cbc:PriceAmount></cac:Price></cac:InvoiceLine></Invoice>