<Invoice xmlns="urn:oasis:names:specification:ubl:schema:xsd:Invoice-2" xmlns:cbc="urn:oasis:names:specification:ubl:schema:xsd:CommonBasicComponents-2" xmlns:cac="urn:oasis:names:specification:ubl:schema:xsd:CommonAggregateComponents-2" xmlns:ns4="urn:oasis:names:specification:ubl:schema:xsd:CommonExtensionComponents-2" xmlns:xsi="http://www.w3.org/2001/XMLSchema-instance"><cbc:CustomizationID>urn:cen.eu:en16931:2017#compliant#urn:efactura.mfinante.ro:CIUS-RO:1.0.1</cbc:CustomizationID><cbc:ID>CC247201573</cbc:ID><cbc:IssueDate>2024-07-03</cbc:IssueDate><cbc:InvoiceTypeCode>380</cbc:InvoiceTypeCode><cbc:DocumentCurrencyCode>RON</cbc:DocumentCurrencyCode><cac:ContractDocumentReference><cbc:ID>Cod client: 70082</cbc:ID></cac:ContractDocumentReference><cac:AccountingSupplierParty><cac:Party><cac:PostalAddress><cbc:StreetName>Calea Serban Voda</cbc:StreetName><cbc:AdditionalStreetName>Nr.133</cbc:AdditionalStreetName><cbc:CityName>SECTOR4</cbc:CityName><cbc:PostalZone>040205</cbc:PostalZone><cbc:CountrySubentity>RO-B</cbc:CountrySubentity><cac:Country><cbc:IdentificationCode>RO</cbc:IdentificationCode></cac:Country></cac:PostalAddress><cac:PartyTaxScheme><cbc:CompanyID>RO10696741</cbc:CompanyID><cac:TaxScheme><cbc:ID>VAT</cbc:ID></cac:TaxScheme></cac:PartyTaxScheme><cac:PartyLegalEntity><cbc:RegistrationName>Edenred Romania SRL</cbc:RegistrationName><cbc:CompanyID>J40/5659/1998</cbc:CompanyID><cbc:CompanyLegalForm>Capital social: 52354536,00 lei</cbc:CompanyLegalForm></cac:PartyLegalEntity></cac:Party></cac:AccountingSupplierParty><cac:AccountingCustomerParty><cac:Party><cac:PostalAddress><cbc:StreetName>Soseaua Fabrica de Glucoza</cbc:StreetName><cbc:AdditionalStreetName>nr. 17</cbc:AdditionalStreetName><cbc:CityName>SECTOR2</cbc:CityName><cbc:PostalZone>020331</cbc:PostalZone><cbc:CountrySubentity>RO-B</cbc:CountrySubentity><cac:Country><cbc:IdentificationCode>RO</cbc:IdentificationCode></cac:Country></cac:PostalAddress><cac:PartyTaxScheme><cbc:CompanyID>RO4879159</cbc:CompanyID><cac:TaxScheme><cbc:ID>VAT</cbc:ID></cac:TaxScheme></cac:PartyTaxScheme><cac:PartyLegalEntity><cbc:RegistrationName>INTRAROM SA</cbc:RegistrationName><cbc:CompanyID>J40/25071/1993</cbc:CompanyID></cac:PartyLegalEntity></cac:Party></cac:AccountingCustomerParty><cac:PaymentMeans xmlns="urn:oasis:names:specification:ubl:schema:xsd:Invoice-2" xmlns:cbc="urn:oasis:names:specification:ubl:schema:xsd:CommonBasicComponents-2" xmlns:cac="urn:oasis:names:specification:ubl:schema:xsd:CommonAggregateComponents-2" xmlns:ns4="urn:oasis:names:specification:ubl:schema:xsd:CommonExtensionComponents-2" xmlns:xsi="http://www.w3.org/2001/XMLSchema-instance"><cbc:PaymentMeansCode>42</cbc:PaymentMeansCode><cac:PayeeFinancialAccount><cbc:ID>RO41BRDE450SV70605544500</cbc:ID><cbc:Name>BANCA ROMANA PENTRU DEZVOLTARE</cbc:Name></cac:PayeeFinancialAccount></cac:PaymentMeans><cac:PaymentMeans xmlns="urn:oasis:names:specification:ubl:schema:xsd:Invoice-2" xmlns:cbc="urn:oasis:names:specification:ubl:schema:xsd:CommonBasicComponents-2" xmlns:cac="urn:oasis:names:specification:ubl:schema:xsd:CommonAggregateComponents-2" xmlns:ns4="urn:oasis:names:specification:ubl:schema:xsd:CommonExtensionComponents-2" xmlns:xsi="http://www.w3.org/2001/XMLSchema-instance"><cbc:PaymentMeansCode>42</cbc:PaymentMeansCode><cac:PayeeFinancialAccount><cbc:ID>RO06RNCB0124001876033291</cbc:ID><cbc:Name>BANCA COMERCIALA ROMANA</cbc:Name></cac:PayeeFinancialAccount></cac:PaymentMeans><cac:PaymentMeans xmlns="urn:oasis:names:specification:ubl:schema:xsd:Invoice-2" xmlns:cbc="urn:oasis:names:specification:ubl:schema:xsd:CommonBasicComponents-2" xmlns:cac="urn:oasis:names:specification:ubl:schema:xsd:CommonAggregateComponents-2" xmlns:ns4="urn:oasis:names:specification:ubl:schema:xsd:CommonExtensionComponents-2" xmlns:xsi="http://www.w3.org/2001/XMLSchema-instance"><cbc:PaymentMeansCode>42</cbc:PaymentMeansCode><cac:PayeeFinancialAccount><cbc:ID>RO83RZBR0000060019231962</cbc:ID><cbc:Name>RAIFFEISEN BANK</cbc:Name></cac:PayeeFinancialAccount></cac:PaymentMeans><cac:PaymentMeans xmlns="urn:oasis:names:specification:ubl:schema:xsd:Invoice-2" xmlns:cbc="urn:oasis:names:specification:ubl:schema:xsd:CommonBasicComponents-2" xmlns:cac="urn:oasis:names:specification:ubl:schema:xsd:CommonAggregateComponents-2" xmlns:ns4="urn:oasis:names:specification:ubl:schema:xsd:CommonExtensionComponents-2" xmlns:xsi="http://www.w3.org/2001/XMLSchema-instance"><cbc:PaymentMeansCode>42</cbc:PaymentMeansCode><cac:PayeeFinancialAccount><cbc:ID>RO40INGB0001008115218960</cbc:ID><cbc:Name>ING BARRINGS BANK</cbc:Name></cac:PayeeFinancialAccount></cac:PaymentMeans><cac:PaymentMeans xmlns="urn:oasis:names:specification:ubl:schema:xsd:Invoice-2" xmlns:cbc="urn:oasis:names:specification:ubl:schema:xsd:CommonBasicComponents-2" xmlns:cac="urn:oasis:names:specification:ubl:schema:xsd:CommonAggregateComponents-2" xmlns:ns4="urn:oasis:names:specification:ubl:schema:xsd:CommonExtensionComponents-2" xmlns:xsi="http://www.w3.org/2001/XMLSchema-instance"><cbc:PaymentMeansCode>42</cbc:PaymentMeansCode><cac:PayeeFinancialAccount><cbc:ID>RO96TREZ7005069XXX000377</cbc:ID><cbc:Name>TREZORERIA STATULUI</cbc:Name></cac:PayeeFinancialAccount></cac:PaymentMeans><cac:PaymentTerms><cbc:Note>Conform prevederilor contractuale</cbc:Note></cac:PaymentTerms><cac:TaxTotal><cbc:TaxAmount currencyID="RON">0.00</cbc:TaxAmount><cac:TaxSubtotal xmlns="urn:oasis:names:specification:ubl:schema:xsd:Invoice-2" xmlns:cbc="urn:oasis:names:specification:ubl:schema:xsd:CommonBasicComponents-2" xmlns:cac="urn:oasis:names:specification:ubl:schema:xsd:CommonAggregateComponents-2" xmlns:ns4="urn:oasis:names:specification:ubl:schema:xsd:CommonExtensionComponents-2" xmlns:xsi="http://www.w3.org/2001/XMLSchema-instance"><cbc:TaxableAmount currencyID="RON">107975.00</cbc:TaxableAmount><cbc:TaxAmount currencyID="RON">0.00</cbc:TaxAmount><cac:TaxCategory><cbc:ID>E</cbc:ID><cbc:Percent>0.00</cbc:Percent><cbc:TaxExemptionReason>nu intra in sfera TVA, conform art. 274^1 alin.(5) din Codul Fiscal</cbc:TaxExemptionReason><cac:TaxScheme><cbc:ID>VAT</cbc:ID></cac:TaxScheme></cac:TaxCategory></cac:TaxSubtotal><cac:TaxSubtotal xmlns="urn:oasis:names:specification:ubl:schema:xsd:Invoice-2" xmlns:cbc="urn:oasis:names:specification:ubl:schema:xsd:CommonBasicComponents-2" xmlns:cac="urn:oasis:names:specification:ubl:schema:xsd:CommonAggregateComponents-2" xmlns:ns4="urn:oasis:names:specification:ubl:schema:xsd:CommonExtensionComponents-2" xmlns:xsi="http://www.w3.org/2001/XMLSchema-instance"><cbc:TaxableAmount currencyID="RON">0.01</cbc:TaxableAmount><cbc:TaxAmount currencyID="RON">0.00</cbc:TaxAmount><cac:TaxCategory><cbc:ID>S</cbc:ID><cbc:Percent>19.00</cbc:Percent><cac:TaxScheme><cbc:ID>VAT</cbc:ID></cac:TaxScheme></cac:TaxCategory></cac:TaxSubtotal></cac:TaxTotal><cac:LegalMonetaryTotal><cbc:LineExtensionAmount currencyID="RON">107975.01</cbc:LineExtensionAmount><cbc:TaxExclusiveAmount currencyID="RON">107975.01</cbc:TaxExclusiveAmount><cbc:TaxInclusiveAmount currencyID="RON">107975.01</cbc:TaxInclusiveAmount><cbc:PayableAmount currencyID="RON">107975.01</cbc:PayableAmount></cac:LegalMonetaryTotal><cac:InvoiceLine xmlns="urn:oasis:names:specification:ubl:schema:xsd:Invoice-2" xmlns:cbc="urn:oasis:names:specification:ubl:schema:xsd:CommonBasicComponents-2" xmlns:cac="urn:oasis:names:specification:ubl:schema:xsd:CommonAggregateComponents-2" xmlns:ns4="urn:oasis:names:specification:ubl:schema:xsd:CommonExtensionComponents-2" xmlns:xsi="http://www.w3.org/2001/XMLSchema-instance"><cbc:ID>1</cbc:ID><cbc:InvoicedQuantity unitCode="XPP">4319</cbc:InvoicedQuantity><cbc:LineExtensionAmount currencyID="RON">107975.00</cbc:LineExtensionAmount><cac:Item><cbc:Name>Tichete de masa electronice - Incarcare</cbc:Name><cac:ClassifiedTaxCategory><cbc:ID>E</cbc:ID><cbc:Percent>0.00</cbc:Percent><cac:TaxScheme><cbc:ID>VAT</cbc:ID></cac:TaxScheme></cac:ClassifiedTaxCategory></cac:Item><cac:Price><cbc:PriceAmount currencyID="RON">25.00</cbc:PriceAmount></cac:Price></cac:InvoiceLine><cac:InvoiceLine xmlns="urn:oasis:names:specification:ubl:schema:xsd:Invoice-2" xmlns:cbc="urn:oasis:names:specification:ubl:schema:xsd:CommonBasicComponents-2" xmlns:cac="urn:oasis:names:specification:ubl:schema:xsd:CommonAggregateComponents-2" xmlns:ns4="urn:oasis:names:specification:ubl:schema:xsd:CommonExtensionComponents-2" xmlns:xsi="http://www.w3.org/2001/XMLSchema-instance"><cbc:ID>2</cbc:ID><cbc:InvoicedQuantity unitCode="XPP">1</cbc:InvoicedQuantity><cbc:LineExtensionAmount currencyID="RON">0.01</cbc:LineExtensionAmount><cac:Item><cbc:Name>Comision incarcare carduri si alte servicii</cbc:Name><cac:ClassifiedTaxCategory><cbc:ID>S</cbc:ID><cbc:Percent>19.00</cbc:Percent><cac:TaxScheme><cbc:ID>VAT</cbc:ID></cac:TaxScheme></cac:ClassifiedTaxCategory></cac:Item><cac:Price><cbc:PriceAmount currencyID="RON">0.01</cbc:PriceAmount></cac:Price></cac:InvoiceLine></Invoice>