<Invoice xmlns="urn:oasis:names:specification:ubl:schema:xsd:Invoice-2" xmlns:cac="urn:oasis:names:specification:ubl:schema:xsd:CommonAggregateComponents-2" xmlns:cbc="urn:oasis:names:specification:ubl:schema:xsd:CommonBasicComponents-2" xmlns:qdt="urn:oasis:names:specification:ubl:schema:xsd:QualifiedDataTypes-2" xmlns:udt="urn:oasis:names:specification:ubl:schema:xsd:UnqualifiedDataTypes-2" xmlns:ccts="urn:un:unece:uncefact:documentation:2" xmlns:xsi="http://www.w3.org/2001/XMLSchema-instance" xsi:schemaLocation="urn:oasis:names:specification:ubl:schema:xsd:Invoice-2 http://docs.oasis-open.org/ubl/os-UBL-2.1/xsd/maindoc/UBL-Invoice-2.1.xsd"><cbc:CustomizationID>urn:cen.eu:en16931:2017#compliant#urn:efactura.mfinante.ro:CIUS-RO:1.0.1</cbc:CustomizationID><cbc:ID>ECO20242962</cbc:ID><cbc:IssueDate>2024-06-30</cbc:IssueDate><cbc:DueDate>2024-08-14</cbc:DueDate><cbc:InvoiceTypeCode>380</cbc:InvoiceTypeCode><cbc:Note>conform raportarii dvs</cbc:Note><cbc:DocumentCurrencyCode>RON</cbc:DocumentCurrencyCode><cac:ContractDocumentReference><cbc:ID>700</cbc:ID></cac:ContractDocumentReference><cac:AccountingSupplierParty><cac:Party><cac:PostalAddress><cbc:StreetName>TURTURELELOR, 48</cbc:StreetName><cbc:CityName>SECTOR3</cbc:CityName><cbc:PostalZone>3</cbc:PostalZone><cbc:CountrySubentity>RO-B</cbc:CountrySubentity><cac:Country><cbc:IdentificationCode>RO</cbc:IdentificationCode></cac:Country></cac:PostalAddress><cac:PartyTaxScheme><cbc:CompanyID>RO18870966</cbc:CompanyID><cac:TaxScheme><cbc:ID>VAT</cbc:ID></cac:TaxScheme></cac:PartyTaxScheme><cac:PartyTaxScheme><cbc:CompanyID>RO18870966</cbc:CompanyID><cac:TaxScheme/></cac:PartyTaxScheme><cac:PartyLegalEntity><cbc:RegistrationName>ASOCIATIA ECOTIC</cbc:RegistrationName><cbc:CompanyID>18870966</cbc:CompanyID></cac:PartyLegalEntity></cac:Party></cac:AccountingSupplierParty><cac:AccountingCustomerParty><cac:Party><cac:PartyIdentification><cbc:ID schemeID="0209">4879159</cbc:ID></cac:PartyIdentification><cac:PostalAddress><cbc:StreetName>MUNICIPIUL BUCURESTI, SECTOR 2, SOS. FABRICA DE GLUCOZA, NR.17</cbc:StreetName><cbc:CityName>SECTOR2</cbc:CityName><cbc:PostalZone>2</cbc:PostalZone><cbc:CountrySubentity>RO-B</cbc:CountrySubentity><cac:Country><cbc:IdentificationCode>RO</cbc:IdentificationCode></cac:Country></cac:PostalAddress><cac:PartyTaxScheme><cbc:CompanyID>RO4879159</cbc:CompanyID><cac:TaxScheme><cbc:ID>VAT</cbc:ID></cac:TaxScheme></cac:PartyTaxScheme><cac:PartyLegalEntity><cbc:RegistrationName>INTRAROM SA</cbc:RegistrationName><cbc:CompanyID>4879159</cbc:CompanyID></cac:PartyLegalEntity></cac:Party></cac:AccountingCustomerParty><cac:PaymentMeans        ><cbc:PaymentMeansCode>1</cbc:PaymentMeansCode><cac:PayeeFinancialAccount><cbc:ID>RO19INGB0001008198898910</cbc:ID><cbc:Name>ING BANK</cbc:Name></cac:PayeeFinancialAccount></cac:PaymentMeans><cac:TaxTotal><cbc:TaxAmount currencyID="RON">362.36</cbc:TaxAmount><cac:TaxSubtotal><cbc:TaxableAmount currencyID="RON">1907.14</cbc:TaxableAmount><cbc:TaxAmount currencyID="RON">362.36</cbc:TaxAmount><cac:TaxCategory><cbc:ID>S</cbc:ID><cbc:Percent>19</cbc:Percent><cac:TaxScheme><cbc:ID>VAT</cbc:ID></cac:TaxScheme></cac:TaxCategory></cac:TaxSubtotal></cac:TaxTotal><cac:LegalMonetaryTotal><cbc:LineExtensionAmount currencyID="RON">1907.14</cbc:LineExtensionAmount><cbc:TaxExclusiveAmount currencyID="RON">1907.14</cbc:TaxExclusiveAmount><cbc:TaxInclusiveAmount currencyID="RON">2269.50</cbc:TaxInclusiveAmount><cbc:ChargeTotalAmount currencyID="RON">0.00</cbc:ChargeTotalAmount><cbc:PayableAmount currencyID="RON">2269.50</cbc:PayableAmount></cac:LegalMonetaryTotal><cac:InvoiceLine><cbc:ID>1</cbc:ID><cbc:InvoicedQuantity unitCode="H87">192.00</cbc:InvoicedQuantity><cbc:LineExtensionAmount currencyID="RON">1344.00</cbc:LineExtensionAmount><cac:Item><cbc:Description>Unitati centrale (PC-uri)</cbc:Description><cbc:Name>Timbru Verde 6.1 lt;br gt;01/04/2024 30/06/2024</cbc:Name><cac:SellersItemIdentification><cbc:ID>2023_07_6.1</cbc:ID></cac:SellersItemIdentification><cac:ClassifiedTaxCategory><cbc:ID>S</cbc:ID><cbc:Percent>19</cbc:Percent><cac:TaxScheme><cbc:ID>VAT</cbc:ID></cac:TaxScheme></cac:ClassifiedTaxCategory></cac:Item><cac:Price><cbc:PriceAmount currencyID="RON">7.00000000</cbc:PriceAmount></cac:Price></cac:InvoiceLine><cac:InvoiceLine><cbc:ID>2</cbc:ID><cbc:InvoicedQuantity unitCode="H87">673.00</cbc:InvoicedQuantity><cbc:LineExtensionAmount currencyID="RON">121.14</cbc:LineExtensionAmount><cac:Item><cbc:Description>Alte IT amp;C cu masa neta intre 0,02kg si 0,2kg inclusiv</cbc:Description><cbc:Name>Timbru Verde 6.6 lt;br gt;01/04/2024 30/06/2024</cbc:Name><cac:SellersItemIdentification><cbc:ID>2023_07_6.6</cbc:ID></cac:SellersItemIdentification><cac:ClassifiedTaxCategory><cbc:ID>S</cbc:ID><cbc:Percent>19</cbc:Percent><cac:TaxScheme><cbc:ID>VAT</cbc:ID></cac:TaxScheme></cac:ClassifiedTaxCategory></cac:Item><cac:Price><cbc:PriceAmount currencyID="RON">0.18000000</cbc:PriceAmount></cac:Price></cac:InvoiceLine><cac:InvoiceLine><cbc:ID>3</cbc:ID><cbc:InvoicedQuantity unitCode="H87">10.00</cbc:InvoicedQuantity><cbc:LineExtensionAmount currencyID="RON">8.00</cbc:LineExtensionAmount><cac:Item><cbc:Description>Alte IT amp;C cu masa neta intre 0,2kg si 1kg inclusiv</cbc:Description><cbc:Name>Timbru Verde 6.7 lt;br gt;01/04/2024 30/06/2024</cbc:Name><cac:SellersItemIdentification><cbc:ID>2023_07_6.7</cbc:ID></cac:SellersItemIdentification><cac:ClassifiedTaxCategory><cbc:ID>S</cbc:ID><cbc:Percent>19</cbc:Percent><cac:TaxScheme><cbc:ID>VAT</cbc:ID></cac:TaxScheme></cac:ClassifiedTaxCategory></cac:Item><cac:Price><cbc:PriceAmount currencyID="RON">0.80000000</cbc:PriceAmount></cac:Price></cac:InvoiceLine><cac:InvoiceLine><cbc:ID>4</cbc:ID><cbc:InvoicedQuantity unitCode="H87">217.00</cbc:InvoicedQuantity><cbc:LineExtensionAmount currencyID="RON">434.00</cbc:LineExtensionAmount><cac:Item><cbc:Description>Alte IT amp;C cu masa neta intre 1kg si 2kg inclusiv</cbc:Description><cbc:Name>Timbru Verde 6.8 lt;br gt;01/04/2024 30/06/2024</cbc:Name><cac:SellersItemIdentification><cbc:ID>2023_07_6.8</cbc:ID></cac:SellersItemIdentification><cac:ClassifiedTaxCategory><cbc:ID>S</cbc:ID><cbc:Percent>19</cbc:Percent><cac:TaxScheme><cbc:ID>VAT</cbc:ID></cac:TaxScheme></cac:ClassifiedTaxCategory></cac:Item><cac:Price><cbc:PriceAmount currencyID="RON">2.00000000</cbc:PriceAmount></cac:Price></cac:InvoiceLine></Invoice>