<?xml version="1.0" encoding="UTF-8"?>
<Invoice xmlns:cbc="urn:oasis:names:specification:ubl:schema:xsd:CommonBasicComponents-2" xmlns:udt="urn:oasis:names:specification:ubl:schema:xsd:UnqualifiedDataTypes-2" xmlns:cac="urn:oasis:names:specification:ubl:schema:xsd:CommonAggregateComponents-2" xmlns:ccts="urn:un:unece:uncefact:documentation:2" xmlns="urn:oasis:names:specification:ubl:schema:xsd:Invoice-2" xmlns:qdt="urn:oasis:names:specification:ubl:schema:xsd:QualifiedDataTypes-2" xmlns:xsi="http://www.w3.org/2001/XMLSchema-instance"><cbc:UBLVersionID>2.1</cbc:UBLVersionID><cbc:CustomizationID>urn:cen.eu:en16931:2017#compliant#urn:efactura.mfinante.ro:CIUS-RO:1.0.1</cbc:CustomizationID><cbc:ID>LOGIT.240343</cbc:ID><cbc:IssueDate>2024-07-03</cbc:IssueDate><cbc:DueDate>2024-07-18</cbc:DueDate><cbc:InvoiceTypeCode>380</cbc:InvoiceTypeCode><cbc:DocumentCurrencyCode>RON</cbc:DocumentCurrencyCode><cbc:TaxCurrencyCode>RON</cbc:TaxCurrencyCode><cac:AccountingSupplierParty><cac:Party><cbc:EndpointID schemeID="EM">office@logika.ro</cbc:EndpointID><cac:PartyIdentification><cbc:ID>29597137</cbc:ID></cac:PartyIdentification><cac:PostalAddress><cbc:StreetName>BLD.IULIU MANIU nr. 7 bl. corp A sc. 3 et. 5 ap. 4SPH</cbc:StreetName><cbc:CityName>SECTOR6</cbc:CityName><cbc:CountrySubentity>RO-B</cbc:CountrySubentity><cac:Country><cbc:IdentificationCode>RO</cbc:IdentificationCode></cac:Country></cac:PostalAddress><cac:PartyTaxScheme><cbc:CompanyID>RO29597137</cbc:CompanyID><cac:TaxScheme><cbc:ID>VAT</cbc:ID></cac:TaxScheme></cac:PartyTaxScheme><cac:PartyLegalEntity><cbc:RegistrationName>S.C. LOGIKA IT SOLUTIONS SRL</cbc:RegistrationName><cbc:CompanyID>J40/3498/2020</cbc:CompanyID></cac:PartyLegalEntity><cac:Contact><cbc:Name>ANA VASILESCU</cbc:Name><cbc:Telephone>0755089903</cbc:Telephone><cbc:ElectronicMail>office@logika.ro</cbc:ElectronicMail></cac:Contact></cac:Party></cac:AccountingSupplierParty><cac:AccountingCustomerParty><cac:Party><cac:PartyIdentification><cbc:ID>RO4879159</cbc:ID></cac:PartyIdentification><cac:PostalAddress><cbc:StreetName>SOS. FABRICA DE GLUCOZA, NR. 17</cbc:StreetName><cbc:CityName>SECTOR2</cbc:CityName><cbc:CountrySubentity>RO-B</cbc:CountrySubentity><cac:Country><cbc:IdentificationCode>RO</cbc:IdentificationCode></cac:Country></cac:PostalAddress><cac:PartyTaxScheme><cbc:CompanyID>RO4879159</cbc:CompanyID><cac:TaxScheme><cbc:ID>VAT</cbc:ID></cac:TaxScheme></cac:PartyTaxScheme><cac:PartyLegalEntity><cbc:RegistrationName>INTRAROM S.A.</cbc:RegistrationName><cbc:CompanyID>J40/25071/1993</cbc:CompanyID></cac:PartyLegalEntity><cac:Contact><cbc:Telephone>0212040906</cbc:Telephone></cac:Contact></cac:Party></cac:AccountingCustomerParty><cac:PaymentMeans><cbc:PaymentMeansCode>42</cbc:PaymentMeansCode><cac:PayeeFinancialAccount><cbc:ID>RO95TREZ7005069XXX013975</cbc:ID><cbc:Name>Trezorerie operativa Municipiul Bucuresti</cbc:Name></cac:PayeeFinancialAccount></cac:PaymentMeans><cac:TaxTotal><cbc:TaxAmount currencyID="RON">1946.11</cbc:TaxAmount><cac:TaxSubtotal><cbc:TaxableAmount currencyID="RON">10242.69</cbc:TaxableAmount><cbc:TaxAmount currencyID="RON">1946.11</cbc:TaxAmount><cac:TaxCategory><cbc:ID>S</cbc:ID><cbc:Percent>19</cbc:Percent><cac:TaxScheme><cbc:ID>VAT</cbc:ID></cac:TaxScheme></cac:TaxCategory></cac:TaxSubtotal></cac:TaxTotal><cac:LegalMonetaryTotal><cbc:LineExtensionAmount currencyID="RON">10242.69</cbc:LineExtensionAmount><cbc:TaxExclusiveAmount currencyID="RON">10242.69</cbc:TaxExclusiveAmount><cbc:TaxInclusiveAmount currencyID="RON">12188.80</cbc:TaxInclusiveAmount><cbc:PayableAmount currencyID="RON">12188.80</cbc:PayableAmount></cac:LegalMonetaryTotal><cac:InvoiceLine><cbc:ID>1</cbc:ID><cbc:InvoicedQuantity unitCode="HUR">12.000</cbc:InvoicedQuantity><cbc:LineExtensionAmount currencyID="RON">2030.64</cbc:LineExtensionAmount><cac:Item><cbc:Description>ORE PRESTATELA RATA DE 34 EUR/H</cbc:Description><cbc:Name>SERV IUNIE 2024 CF CTR 2016/12/14 DIN 05.12.2016</cbc:Name><cac:ClassifiedTaxCategory><cbc:ID>S</cbc:ID><cbc:Percent>19</cbc:Percent><cac:TaxScheme><cbc:ID>VAT</cbc:ID></cac:TaxScheme></cac:ClassifiedTaxCategory></cac:Item><cac:Price><cbc:PriceAmount currencyID="RON">169.2200</cbc:PriceAmount></cac:Price></cac:InvoiceLine><cac:InvoiceLine><cbc:ID>2</cbc:ID><cbc:InvoicedQuantity unitCode="HUR">33.000</cbc:InvoicedQuantity><cbc:LineExtensionAmount currencyID="RON">8212.05</cbc:LineExtensionAmount><cac:Item><cbc:Description>ORE PRESTATELA RATA DE 50 EUR/H</cbc:Description><cbc:Name>SERV IUNIE 2024 CF CTR 2016/12/14 DIN 05.12.2016</cbc:Name><cac:ClassifiedTaxCategory><cbc:ID>S</cbc:ID><cbc:Percent>19</cbc:Percent><cac:TaxScheme><cbc:ID>VAT</cbc:ID></cac:TaxScheme></cac:ClassifiedTaxCategory></cac:Item><cac:Price><cbc:PriceAmount currencyID="RON">248.8500</cbc:PriceAmount></cac:Price></cac:InvoiceLine></Invoice>
